../generation/data/pyramid_range3_3d_agents250_0.exp ; 0 ; 0 ; 129.89 ; 203
../generation/data/pyramid_range3_3d_agents250_10.exp ; 0 ; 0 ; 129.7 ; 205
../generation/data/pyramid_range3_3d_agents250_11.exp ; 0 ; 0 ; 129.93 ; 197
../generation/data/pyramid_range3_3d_agents250_12.exp ; 0 ; 0 ; 129.83 ; 201
../generation/data/pyramid_range3_3d_agents250_13.exp ; 0 ; 0 ; 129.79 ; 200
../generation/data/pyramid_range3_3d_agents250_14.exp ; 0 ; 0 ; 129.79 ; 203
../generation/data/pyramid_range3_3d_agents250_15.exp ; 0 ; 0 ; 129.81 ; 200
../generation/data/pyramid_range3_3d_agents250_16.exp ; 0 ; 0 ; 129.79 ; 204
../generation/data/pyramid_range3_3d_agents250_17.exp ; 0 ; 0 ; 129.84 ; 200
../generation/data/pyramid_range3_3d_agents250_18.exp ; 0 ; 0 ; 129.66 ; 206
../generation/data/pyramid_range3_3d_agents250_19.exp ; 0 ; 0 ; 129.84 ; 201
../generation/data/pyramid_range3_3d_agents250_1.exp ; 0 ; 0 ; 129.77 ; 202
../generation/data/pyramid_range3_3d_agents250_2.exp ; 0 ; 0 ; 129.78 ; 203
../generation/data/pyramid_range3_3d_agents250_3.exp ; 0 ; 0 ; 129.69 ; 201
../generation/data/pyramid_range3_3d_agents250_4.exp ; 0 ; 0 ; 129.92 ; 199
../generation/data/pyramid_range3_3d_agents250_5.exp ; 0 ; 0 ; 129.84 ; 204
../generation/data/pyramid_range3_3d_agents250_6.exp ; 0 ; 0 ; 129.82 ; 208
../generation/data/pyramid_range3_3d_agents250_7.exp ; 0 ; 0 ; 129.83 ; 201
../generation/data/pyramid_range3_3d_agents250_8.exp ; 0 ; 0 ; 129.85 ; 198
../generation/data/pyramid_range3_3d_agents250_9.exp ; 0 ; 0 ; 129.9 ; 200
