../generation/data/offices_range1_agents250_0.exp ; 0 ; 0 ; 128.99
../generation/data/offices_range1_agents250_10.exp ; 0 ; 0 ; 128.35
../generation/data/offices_range1_agents250_11.exp ; 0 ; 0 ; 129.98
../generation/data/offices_range1_agents250_12.exp ; 0 ; 0 ; 128.93
../generation/data/offices_range1_agents250_13.exp ; 0 ; 0 ; 128.87
../generation/data/offices_range1_agents250_14.exp ; 0 ; 0 ; 129.63
../generation/data/offices_range1_agents250_15.exp ; 0 ; 0 ; 128.7
../generation/data/offices_range1_agents250_16.exp ; 0 ; 0 ; 128.23
../generation/data/offices_range1_agents250_17.exp ; 0 ; 0 ; 128.67
../generation/data/offices_range1_agents250_18.exp ; 0 ; 0 ; 128.15
../generation/data/offices_range1_agents250_19.exp ; 0 ; 0 ; 129.14
../generation/data/offices_range1_agents250_1.exp ; 0 ; 0 ; 129.39
../generation/data/offices_range1_agents250_2.exp ; 0 ; 0 ; 128.47
../generation/data/offices_range1_agents250_3.exp ; 0 ; 0 ; 129.89
../generation/data/offices_range1_agents250_4.exp ; 0 ; 0 ; 128.31
../generation/data/offices_range1_agents250_5.exp ; 0 ; 0 ; 129.8
../generation/data/offices_range1_agents250_6.exp ; 0 ; 0 ; 129.99
../generation/data/offices_range1_agents250_7.exp ; 0 ; 0 ; 128.86
../generation/data/offices_range1_agents250_8.exp ; 0 ; 0 ; 129.13
../generation/data/offices_range1_agents250_9.exp ; 0 ; 0 ; 129.81
